subject,course_number,pre_requisite_subject,pre_requisite_number
ACTSC,372,ACTSC,231
MATBUS,471,ACTSC,231
ACTSC,331,ACTSC,232
ACTSC,453,ACTSC,331
ACTSC,454,ACTSC,331
ACTSC,455,ACTSC,331
ACTSC,431,ACTSC,363
ACTSC,432,ACTSC,363
ACTSC,463,ACTSC,363
AE,125,AE,100
AE,105,AE,104
AE,204,AE,105
AE,200,AE,125
AE,225,AE,200
AE,315,AE,200
AE,205,AE,204
AE,303,AE,205
AE,223,AE,221
CIVE,422,AE,223
AE,300,AE,225
AE,450,AE,279
AE,405,AE,280
AE,301,AE,300
AE,310,AE,303
CIVE,413,AE,310
CIVE,414,AE,310
AFM,102,AFM,101
AFM,202,AFM,101
AFM,203,AFM,101
AFM,211,AFM,101
AFM,212,AFM,101
AFM,291,AFM,101
COMM,321,AFM,101
MATBUS,371,AFM,101
AFM,241,AFM,102
AFM,382,AFM,102
COMM,431,AFM,102
AFM,113,AFM,112
AFM,204,AFM,121
AFM,205,AFM,121
AFM,273,AFM,121
AFM,333,AFM,131
SCBUS,122,AFM,131
AFM,182,AFM,191
AFM,206,AFM,191
AFM,208,AFM,191
AFM,276,AFM,191
AFM,311,AFM,211
AFM,345,AFM,244
AFM,346,AFM,244
AFM,427,AFM,244
AFM,444,AFM,244
AFM,445,AFM,244
AFM,446,AFM,244
AFM,447,AFM,244
ACTSC,391,AFM,272
AFM,275,AFM,272
AFM,322,AFM,272
AFM,323,AFM,272
AFM,324,AFM,272
AFM,422,AFM,272
AFM,425,AFM,272
SFM,310,AFM,272
SFM,412,AFM,272
AFM,274,AFM,273
AFM,321,AFM,274
AFM,373,AFM,274
AFM,377,AFM,274
AFM,473,AFM,274
AFM,477,AFM,274
AFM,478,AFM,274
ACTSC,471,AFM,275
AFM,476,AFM,275
AFM,391,AFM,291
AFM,451,AFM,291
AFM,485,AFM,291
AFM,362,AFM,321
AFM,423,AFM,323
AFM,347,AFM,341
AFM,363,AFM,362
AFM,462,AFM,362
AFM,463,AFM,362
AFM,470,AFM,373
AFM,484,AFM,382
AFM,401,AFM,391
AFM,491,AFM,391
AFM,434,AFM,433
AFM,482,AFM,433
AMATH,353,AMATH,231
AMATH,361,AMATH,231
AMATH,373,AMATH,231
CS,475,AMATH,242
AMATH,351,AMATH,250
AMATH,451,AMATH,351
AMATH,453,AMATH,351
AMATH,473,AMATH,373
PHYS,454,AMATH,373
AMATH,474,AMATH,473
AMATH,876,AMATH,473
AMATH,877,AMATH,473
PHYS,484,AMATH,473
AMATH,872,AMATH,673
AMATH,873,AMATH,673
ANTH,309,ANTH,201
ANTH,320,ANTH,201
ANTH,321,ANTH,201
ANTH,322,ANTH,201
CLAS,321,ANTH,201
ANTH,300,ANTH,202
ANTH,303,ANTH,202
ANTH,330,ANTH,202
ANTH,331,ANTH,202
ANTH,347,ANTH,202
ANTH,350,ANTH,202
ANTH,381,ANTH,202
ANTH,382,ANTH,202
ANTH,305,ANTH,204
ANTH,365,ANTH,204
ANTH,377,ANTH,204
ARBUS,301,ARBUS,101
ARBUS,300,ARBUS,200
ARBUS,400,ARBUS,300
ARCH,212,ARCH,113
ARCH,314,ARCH,113
ARCH,677,ARCH,113
ARCH,678,ARCH,113
ARCH,143,ARCH,142
ARCH,246,ARCH,143
ARCH,173,ARCH,172
ARCH,364,ARCH,173
ARCH,248,ARCH,246
ARCH,644,ARCH,246
ARCH,645,ARCH,246
ARCH,277,ARCH,260
ARCH,624,ARCH,327
ARCH,442,ARCH,342
AVIA,310,AVIA,100
BIOL,310,BIOL,110
BIOL,370,BIOL,110
BIOL,371,BIOL,110
BIOL,414,BIOL,110
BIOL,490A,BIOL,110
BIOL,490B,BIOL,110
BIOL,490C,BIOL,110
BIOL,490D,BIOL,110
BIOL,498A,BIOL,110
BIOL,498B,BIOL,110
BIOL,321,BIOL,120
BIOL,323,BIOL,120
BIOL,426,BIOL,120
BIOL,433,BIOL,120
BIOL,201,BIOL,130
BIOL,266,BIOL,130
BIOL,273,BIOL,130
BIOL,302,BIOL,130
BIOL,303,BIOL,130
BIOL,308,BIOL,130
BIOL,309,BIOL,130
BIOL,355,BIOL,130
BIOL,484,BIOL,130
BIOL,486,BIOL,130
GERON,355,BIOL,130
HLTH,340,BIOL,130
HLTH,341,BIOL,130
KIN,406,BIOL,130
BIOL,312,BIOL,150
BIOL,350,BIOL,150
BIOL,351,BIOL,150
BIOL,450,BIOL,150
BIOL,451,BIOL,150
BIOL,452,BIOL,150
BIOL,455,BIOL,150
BIOL,457,BIOL,150
BIOL,458,BIOL,150
BIOL,485,BIOL,150
BIOL,489,BIOL,150
BIOL,365,BIOL,239
BIOL,469,BIOL,239
BIOL,449,BIOL,241
BIOL,475,BIOL,241
BIOL,465,BIOL,266
BIOL,373,BIOL,273
BIOL,472,BIOL,273
BIOL,473,BIOL,273
GERON,310,BIOL,273
HLTH,310,BIOL,273
HLTH,407,BIOL,273
KIN,202,BIOL,273
KIN,255,BIOL,273
KIN,308,BIOL,273
KIN,310,BIOL,273
KIN,312,BIOL,273
KIN,404,BIOL,273
KIN,407,BIOL,273
KIN,415,BIOL,273
KIN,416,BIOL,273
KIN,418,BIOL,273
BIOL,403,BIOL,303
BIOL,331,BIOL,308
BIOL,441,BIOL,308
BIOL,428,BIOL,309
BIOL,432,BIOL,342
BIOL,483,BIOL,342
BIOL,456,BIOL,350
BIOL,461,BIOL,361
BLKST,210,BLKST,101
SYDE,322,BME,122
SYDE,334,BME,213
SYDE,556,BME,252
SYDE,575,BME,252
CFM,301,CFM,101
CFM,401,CFM,301
CIVE,375,CHE,102
ENVE,275,CHE,102
ENVE,375,CHE,102
ME,115,CHE,102
ME,235,CHE,102
CHE,543,CHE,541
CHEM,123,CHEM,120
CHEM,140,CHEM,120
CHEM,212,CHEM,120
CHEM,266,CHEM,120
CHEM,404,CHEM,120
KIN,217,CHEM,120
CHEM,125,CHEM,121
CHEM,220,CHEM,123
CHEM,254,CHEM,123
CHEM,264,CHEM,123
CHEM,357,CHEM,123
EARTH,221,CHEM,123
MNS,211,CHEM,123
CHEM,301,CHEM,201
CHEM,310,CHEM,212
CHEM,313,CHEM,212
CHEM,221,CHEM,220
CHEM,323,CHEM,221
BIOL,439,CHEM,233
CHEM,331,CHEM,233
CHEM,339,CHEM,233
CHEM,381,CHEM,233
CHEM,350,CHEM,254
CHEM,370,CHEM,254
MNS,322,CHEM,254
CHEM,233,CHEM,264
CHEM,265,CHEM,264
CHEM,360,CHEM,265
CHEM,363,CHEM,265
CHEM,464,CHEM,265
CHEM,430,CHEM,331
CHEM,432,CHEM,331
CHEM,433,CHEM,331
CHEM,479,CHEM,339
CHEM,765,CHEM,764
CIVE,105,CIVE,104
AE,280,CIVE,105
CIVE,204,CIVE,105
CIVE,280,CIVE,105
CIVE,382,CIVE,105
CIVE,460,CIVE,105
ENVE,280,CIVE,105
ENVE,382,CIVE,105
GEOE,280,CIVE,105
CIVE,353,CIVE,153
CIVE,205,CIVE,204
CIVE,303,CIVE,205
CIVE,306,CIVE,205
CIVE,310,CIVE,205
CIVE,222,CIVE,221
CIVE,230,CIVE,224
CIVE,343,CIVE,224
CIVE,440,CIVE,241
CIVE,354,CIVE,353
CIVE,542,CIVE,353
CIVE,554,CIVE,353
GEOE,554,CIVE,353
CIVE,583,CIVE,382
ENVE,383,CIVE,382
CLAS,331,CLAS,231
CLAS,341,CLAS,241
FINE,341,CLAS,241
FINE,342,CLAS,241
CLAS,342,CLAS,242
CLAS,351,CLAS,251
CLAS,352,CLAS,252
CO,370,CO,250
CO,450,CO,255
CO,452,CO,255
CO,430,CO,330
CO,440,CO,342
CO,442,CO,342
CO,446,CO,342
PHYS,468,CO,481
COMM,421,COMM,321
COMM,433,COMM,321
CROAT,102,CROAT,101
CS,106,CS,105
CS,116,CS,115
CS,138,CS,137
CS,146,CS,145
CS,246,CS,146
CS,487,CS,231
CS,341,CS,240
CS,350,CS,240
CS,360,CS,240
CS,365,CS,240
CS,398,CS,240
CS,442,CS,240
CS,449,CS,240
CS,492,CS,240
SE,350,CS,240
SE,390,CS,240
CS,247,CS,241
CS,346,CS,246
SE,463,CS,246
SE,464,CS,246
SE,465,CS,246
CS,430,CS,330
CS,451,CS,341
CS,466,CS,341
CS,480,CS,341
CS,482,CS,341
CS,485,CS,341
CS,486,CS,341
CS,488,CS,341
CS,493,CS,341
CS,448,CS,348
CS,343,CS,350
CS,444,CS,350
CS,445,CS,350
CS,446,CS,350
CS,447,CS,350
CS,452,CS,350
CS,454,CS,350
CS,456,CS,350
CS,458,CS,350
CS,490,CS,350
CS,462,CS,360
CS,494,CS,493
DAC,303,DAC,203
DUTCH,102,DUTCH,101
EARTH,322,EARTH,121
EARTH,355,EARTH,121
EARTH,321,EARTH,221
EARTH,421,EARTH,221
EARTH,471,EARTH,221
EARTH,232,EARTH,231
EARTH,331,EARTH,232
EARTH,332,EARTH,232
EARTH,333,EARTH,232
EARTH,435,EARTH,238
EARTH,438,EARTH,238
EARTH,460,EARTH,260
EARTH,461,EARTH,260
EARTH,440,EARTH,333
EARTH,612,EARTH,333
EARTH,621,EARTH,421
EARTH,638,EARTH,437
EARTH,640,EARTH,440
EARTH,651,EARTH,456
EARTH,439,EARTH,458
EARTH,459,EARTH,458
EARTH,654,EARTH,458
EARTH,658,EARTH,458
EARTH,659,EARTH,458
EARTH,661,EARTH,458
EARTH,671,EARTH,458
EARTH,657,EARTH,459
ECE,203,ECE,103
ECE,254,ECE,103
ECE,306,ECE,103
ECE,106,ECE,105
ECE,405,ECE,105
ECE,231,ECE,106
ECE,240,ECE,106
ECE,260,ECE,106
ECE,361,ECE,106
ECE,375,ECE,106
ECE,208,ECE,108
ECE,331,ECE,109
ECE,433,ECE,109
ECE,222,ECE,124
ECE,108,ECE,150
ECE,155,ECE,150
MTE,140,ECE,150
ECE,307,ECE,203
ECE,318,ECE,203
ECE,351,ECE,208
ECE,242,ECE,240
ECE,252,ECE,250
ECE,356,ECE,250
ECE,451,ECE,250
ECE,452,ECE,250
ECE,453,ECE,250
ECE,350,ECE,252
ECE,458,ECE,252
ECE,459,ECE,252
ECE,414,ECE,306
ECE,455,ECE,350
ECE,409,ECE,358
ECE,416,ECE,358
ECE,373,ECE,375
ECE,474,ECE,375
ECE,475,ECE,375
ECE,477,ECE,375
MTE,546,ECE,484
ECE,657,ECE,650
ARBUS,200,ECON,101
ARBUS,302,ECON,101
ECON,201,ECON,101
ECON,206,ECON,101
ECON,207,ECON,101
ECON,211,ECON,101
ECON,212,ECON,101
ECON,221,ECON,101
ECON,231,ECON,101
ECON,241,ECON,101
ECON,254,ECON,101
ECON,255,ECON,101
ECON,256,ECON,101
ECON,262,ECON,101
ECON,351,ECON,101
ECON,366,ECON,101
ECON,371,ECON,101
ECON,363,ECON,102
ECON,457,ECON,102
ECON,311,ECON,201
ECON,332,ECON,201
ECON,361,ECON,201
ECON,422,ECON,201
ECON,451,ECON,201
ECON,322,ECON,221
ECON,391,ECON,290
ECON,392,ECON,290
ECON,406,ECON,306
ECON,407,ECON,306
ECON,408,ECON,306
ECON,409,ECON,306
ECON,496,ECON,306
ECON,474,ECON,311
ECON,323,ECON,322
ECON,441,ECON,323
ECON,443,ECON,323
ECON,306,ECON,391
ECON,393,ECON,391
ECON,412,ECON,392
ECON,491,ECON,392
ECON,701,ECON,601
ECON,722,ECON,601
ECON,702,ECON,602
ECON,723,ECON,602
ECON,622,ECON,621
ECON,623,ECON,621
ECON,721,ECON,621
ECON,743,ECON,643
ENBUS,112,ENBUS,102
ENBUS,202,ENBUS,102
ENBUS,204,ENBUS,102
ENBUS,308,ENBUS,202
ENBUS,304,ENBUS,204
ENBUS,406,ENBUS,204
ENBUS,620,ENBUS,601
ENBUS,630,ENBUS,601
ENBUS,640,ENBUS,601
ENBUS,650,ENBUS,601
ENVE,225,ENVE,115
ENVE,573,ENVE,225
ENVE,583,ENVE,382
ENVS,278,ENVS,178
ERS,346,ENVS,178
ERS,446,ENVS,178
GEOG,203,ENVS,195
ENVS,444,ENVS,200
ERS,283,ENVS,200
ERS,335,ENVS,200
ERS,337,ENVS,200
ERS,342,ENVS,200
ERS,382,ENVS,200
ERS,383,ENVS,200
ERS,484,ENVS,200
GEOG,368,ENVS,200
GEOG,404,ENVS,200
PLAN,340,ENVS,200
PLAN,341,ENVS,200
PLAN,471,ENVS,201
ENVS,310,ENVS,210
GEOG,316,ENVS,278
GEOG,318,ENVS,278
GEOG,319,ENVS,278
GEOG,428,ENVS,278
PLAN,320,ENVS,278
PLAN,351,ENVS,278
PLAN,353,ENVS,278
PLAN,418,ENVS,278
ERS,365,ERS,201
ERS,315,ERS,215
ERS,415,ERS,315
ENVS,469,ERS,335
ERS,401,ERS,400
FINE,209,FINE,112
FR,152,FR,151
FR,403,FR,203
FR,303,FR,251
FR,351,FR,251
FR,353,FR,251
FR,375,FR,276
FR,471,FR,276
FR,473,FR,276
FR,400,FR,353
ME,262,GENE,123
ME,269,GENE,123
MTE,262,GENE,123
GEOE,353,GEOE,153
GEOE,354,GEOE,353
GEOG,202,GEOG,101
GEOG,233,GEOG,101
GEOG,325,GEOG,101
GEOG,336,GEOG,101
GEOG,340,GEOG,101
GEOG,209,GEOG,102
GEOG,309,GEOG,102
GEOG,311,GEOG,202
GEOG,356,GEOG,202
GEOG,411,GEOG,202
GEOG,436,GEOG,202
GEOG,454,GEOG,202
GEOG,305,GEOG,205
GEOG,307,GEOG,207
GEOG,314,GEOG,207
GEOG,359,GEOG,207
GEOG,417,GEOG,207
GEOG,303,GEOG,209
GEOG,320,GEOG,209
GEOG,405,GEOG,209
GEOG,423,GEOG,233
GEOG,371,GEOG,271
GEOG,408,GEOG,309
GEOG,418,GEOG,309
GEOG,410,GEOG,310
GEOG,484,GEOG,316
GER,102,GER,101
GER,250,GER,101
GER,201,GER,102
GER,211,GER,102
GER,202,GER,201
GER,350,GER,201
GER,304,GER,202
GER,307,GER,202
GER,308,GER,202
GRK,102,GRK,101
RS,102,GRK,101
GRK,202,GRK,201
RS,224,GRK,201
GRK,331,GRK,202
GRK,332,GRK,202
GRK,341,GRK,202
GRK,351,GRK,202
HIST,329,HIST,236
GERON,320,HLTH,101
GSJ,401,HLTH,101
HLTH,102,HLTH,101
HLTH,202,HLTH,101
HLTH,284,HLTH,101
HLTH,320,HLTH,101
HLTH,301,HLTH,102
HLTH,303,HLTH,102
HLTH,304,HLTH,102
HLTH,401,HLTH,102
HLTH,335,HLTH,204
HLTH,453,HLTH,230
HLTH,392,HLTH,245
HLTH,410,HLTH,245
HLTH,435,HLTH,260
HLTH,442,HLTH,333
HLTH,443,HLTH,333
HLTH,433,HLTH,335
HLTH,455,HLTH,335
HLTH,719,HLTH,619
HRM,301,HRM,200
HRM,303,HRM,200
HRM,305,HRM,200
HRM,307,HRM,200
HRTS,201,HRTS,101
HRTS,203,HRTS,101
HRTS,204,HRTS,101
HRTS,301,HRTS,101
HRTS,305,HRTS,101
HRTS,390,HRTS,101
HRTS,302,HRTS,201
HUMSC,289,HUMSC,101
HUMSC,389,HUMSC,101
INDEV,101,INDEV,100
INDEV,200,INDEV,101
INDEV,202,INDEV,101
INDEV,302,INDEV,101
INDEV,300,INDEV,200
INDEV,308,INDEV,200
ANTH,272,INDG,201
INDG,272,INDG,201
INDG,305,INDG,201
INTEG,321,INTEG,320
INTEG,475B,INTEG,475
ITAL,102,ITAL,101
ITAL,201,ITAL,102
ITAL,202,ITAL,201
ITAL,251,ITAL,202
KIN,301,KIN,100
KIN,429,KIN,100
KIN,232,KIN,104
KIN,221,KIN,121
KIN,342,KIN,146
KIN,343,KIN,146
KIN,346,KIN,146
KIN,446,KIN,146
KIN,204,KIN,202
KIN,307,KIN,202
KIN,403,KIN,202
KIN,351,KIN,204
KIN,414,KIN,204
KIN,320,KIN,221
KIN,326,KIN,221
KIN,327,KIN,221
KIN,422,KIN,221
KIN,425,KIN,221
KIN,427,KIN,221
KIN,428,KIN,221
KIN,356,KIN,255
KIN,357,KIN,255
KIN,359,KIN,255
KIN,360,KIN,255
KIN,455,KIN,255
KIN,402,KIN,308
KIN,420,KIN,320
KIN,453,KIN,354
KIN,464,KIN,354
LAT,102,LAT,101
LAT,201,LAT,102
LAT,202,LAT,201
LAT,331,LAT,202
LAT,332,LAT,202
LAT,341,LAT,202
LAT,351,LAT,202
LAT,381,LAT,202
LAT,421,LAT,202
LAT,422,LAT,202
LS,202,LS,101
LS,203,LS,101
LS,286,LS,101
LS,330,LS,101
LS,363,LS,101
LS,386,LS,101
PSCI,363,LS,101
PSCI,360,LS,206
PSCI,382,LS,206
MATH,106,MATH,103
MATH,127,MATH,104
MATH,225,MATH,106
STAT,206,MATH,115
AE,224,MATH,116
AE,392,MATH,116
CIVE,224,MATH,116
CIVE,392,MATH,116
ENVE,224,MATH,116
ENVE,392,MATH,116
GEOE,224,MATH,116
GEOE,392,MATH,116
ME,202,MATH,116
NE,131,MATH,117
AE,221,MATH,118
CIVE,221,MATH,118
GEOE,221,MATH,118
MATH,217,MATH,118
ME,201,MATH,118
ME,250,MATH,118
MSCI,271,MATH,118
MTE,201,MATH,118
MTE,202,MATH,118
MTE,203,MATH,118
MATH,211,MATH,119
MATH,213,MATH,119
NE,215,MATH,119
AMATH,343,MATH,128
MATH,207,MATH,128
MATH,227,MATH,128
MATH,228,MATH,128
CO,380,MATH,135
CO,480,MATH,135
SE,212,MATH,135
STAT,373,MATH,136
ACTSC,231,MATH,137
STAT,241,MATH,138
MATH,146,MATH,145
MATH,245,MATH,146
MATH,247,MATH,146
MATH,148,MATH,147
MATH,212,MATH,211
EARTH,650,MATH,213
SE,380,MATH,213
CO,331,MATH,225
PMATH,340,MATH,225
PHYS,364,MATH,227
PHYS,365,MATH,227
CO,454,MATH,229
CO,456,MATH,229
CO,255,MATH,235
PMATH,334,MATH,235
PMATH,336,MATH,235
PMATH,347,MATH,235
STAT,331,MATH,235
AMATH,231,MATH,237
AMATH,331,MATH,237
AMATH,332,MATH,237
AMATH,456,MATH,237
PMATH,331,MATH,237
PMATH,332,MATH,237
STAT,330,MATH,237
STAT,334,MATH,237
STAT,341,MATH,237
CO,330,MATH,239
CO,342,MATH,239
CO,444,MATH,239
CO,471,MATH,239
PMATH,351,MATH,247
PMATH,352,MATH,247
MATH,631,MATH,630
MATH,648,MATH,647
ME,101,ME,100
ME,230,ME,115
ME,203,ME,201
ME,303,ME,201
ME,360,ME,203
ME,524,ME,212
ME,220,ME,219
ME,340,ME,219
ME,322,ME,220
ME,435,ME,230
ME,436,ME,230
ME,531,ME,230
ME,533,ME,230
ME,535,ME,230
ME,353,ME,250
ME,354,ME,250
ME,659,ME,250
MTE,325,ME,262
ME,555,ME,321
ME,423,ME,322
ME,526,ME,322
ME,538,ME,322
ME,362,ME,351
ME,561,ME,351
ME,567,ME,351
ME,456,ME,353
ME,557,ME,353
ME,671,ME,353
ME,562,ME,362
ME,563,ME,362
ME,564,ME,362
ME,566,ME,362
ME,571,ME,362
ME,621,ME,620
ME,672,ME,671
MNS,221,MNS,211
MNS,321,MNS,221
MSCI,240,MSCI,121
MSCI,334,MSCI,131
MSCI,245,MSCI,240
MSCI,342,MSCI,245
MSCI,253,MSCI,251
MSCI,433,MSCI,332
MSCI,435,MSCI,332
MSCI,436,MSCI,332
MSCI,546,MSCI,332
MSCI,434,MSCI,334
MSCI,343,MSCI,342
MSCI,531,MSCI,431
MSCI,702,MSCI,603
MSCI,703,MSCI,603
MSCI,719,MSCI,603
MSCI,734,MSCI,603
MSCI,620,MSCI,605
MSCI,630,MSCI,605
MSCI,741,MSCI,607
MTE,219,MTE,111
MTE,220,MTE,120
MTE,320,MTE,120
MTE,241,MTE,121
MTE,204,MTE,202
MTE,309,MTE,202
MTE,321,MTE,203
MTE,322,MTE,220
MTE,421,MTE,220
MTE,360,MTE,320
MTE,420,MTE,320
MUSIC,231,MUSIC,100
MUSIC,275,MUSIC,100
MUSIC,361,MUSIC,100
MUSIC,362,MUSIC,100
MUSIC,322,MUSIC,222
MUSIC,222,MUSIC,270
MUSIC,271,MUSIC,270
MUSIC,370,MUSIC,271
MUSIC,371,MUSIC,370
NE,125,NE,121
NE,343,NE,121
NE,318,NE,216
NE,333,NE,225
NE,335,NE,333
NE,491,NE,335
NE,353,NE,343
NE,461,NE,352
NE,452,NE,451
NE,488,NE,481
OPTOM,215,OPTOM,103
OPTOM,245,OPTOM,103
OPTOM,114,OPTOM,104
OPTOM,243,OPTOM,104
OPTOM,126,OPTOM,106
OPTOM,216,OPTOM,106
OPTOM,246,OPTOM,106
OPTOM,139,OPTOM,109
OPTOM,219,OPTOM,109
OPTOM,272,OPTOM,152
OPTOM,255,OPTOM,245
OPTOM,261,OPTOM,245
OPTOM,661,OPTOM,651
OPTOM,682,OPTOM,671
OPTOM,683,OPTOM,671
PACS,333,PACS,202
PDARCH,4,PDARCH,3
PHARM,111,PHARM,110
PHARM,220,PHARM,110
PHARM,221,PHARM,110
PHARM,224,PHARM,110
PHARM,230,PHARM,120
PHARM,125,PHARM,124
PHARM,364,PHARM,127
PHARM,130,PHARM,129
PHARM,380,PHARM,155
PHARM,222,PHARM,220
PHARM,223,PHARM,220
PHARM,362,PHARM,220
PHARM,363,PHARM,220
PHARM,366,PHARM,220
PHARM,367,PHARM,220
PHARM,375,PHARM,220
PHARM,376,PHARM,220
PHARM,320,PHARM,222
PHARM,321,PHARM,222
PHARM,378,PHARM,222
PHARM,476,PHARM,222
PHARM,368,PHARM,223
PHARM,352,PHARM,226
PHARM,353,PHARM,226
PHARM,370,PHARM,226
PHARM,372,PHARM,226
PHARM,460,PHARM,226
PHARM,461,PHARM,226
PHARM,323,PHARM,320
PHARM,324,PHARM,320
PHARM,465,PHARM,321
PHARM,467,PHARM,321
PHARM,422,PHARM,323
PHARM,425,PHARM,323
PHIL,320,PHIL,221
KIN,121,PHYS,111
PHYS,112,PHYS,111
PHYS,234,PHYS,112
PHYS,256,PHYS,112
PHYS,358,PHYS,112
PHYS,375,PHYS,112
PHYS,380,PHYS,112
PHYS,383,PHYS,112
ME,212,PHYS,115
ME,219,PHYS,115
PHYS,125,PHYS,115
PHYS,267,PHYS,122
PHYS,334,PHYS,234
PHYS,335,PHYS,234
PHYS,342,PHYS,242
PHYS,393,PHYS,256
PHYS,394,PHYS,256
PHYS,434,PHYS,334
PHYS,444,PHYS,334
PHYS,435,PHYS,335
PHYS,461,PHYS,335
PHYS,442,PHYS,342
PHYS,702,PHYS,701
PHYS,703,PHYS,701
PHYS,739,PHYS,701
PHYS,705,PHYS,704
PLAN,233,PLAN,100
PLAN,261,PLAN,100
PLAN,203,PLAN,104
PLAN,210,PLAN,110
PLAN,415,PLAN,261
PLAN,606,PLAN,281
PLAN,452,PLAN,350
CO,431,PMATH,336
CO,434,PMATH,336
PMATH,348,PMATH,347
PMATH,432,PMATH,347
PMATH,433,PMATH,347
PMATH,445,PMATH,347
PMATH,446,PMATH,347
PMATH,464,PMATH,347
PMATH,467,PMATH,347
PMATH,441,PMATH,348
PMATH,450,PMATH,351
PMATH,440,PMATH,352
PMATH,652,PMATH,352
PMATH,465,PMATH,365
PMATH,868,PMATH,665
PMATH,810,PMATH,753
PORT,102,PORT,101
PSCI,255,PSCI,100
PSCI,252,PSCI,150
PSCI,281,PSCI,150
PSCI,282,PSCI,150
PSCI,387,PSCI,150
PSCI,301,PSCI,231
PSCI,367,PSCI,264
PSCI,380,PSCI,283
GERON,218,PSYCH,101
HLTH,218,PSYCH,101
HLTH,358,PSYCH,101
HLTH,458,PSYCH,101
KIN,354,PSYCH,101
LS,272,PSYCH,101
PSYCH,207,PSYCH,101
PSYCH,211,PSYCH,101
PSYCH,212,PSYCH,101
PSYCH,212R,PSYCH,101
PSYCH,213R,PSYCH,101
PSYCH,218,PSYCH,101
PSYCH,226R,PSYCH,101
PSYCH,230,PSYCH,101
PSYCH,231,PSYCH,101
PSYCH,232,PSYCH,101
PSYCH,235,PSYCH,101
PSYCH,236,PSYCH,101
PSYCH,253,PSYCH,101
PSYCH,253R,PSYCH,101
PSYCH,257,PSYCH,101
PSYCH,257R,PSYCH,101
PSYCH,261,PSYCH,101
PSYCH,291,PSYCH,101
PSYCH,334R,PSYCH,101
PSYCH,342,PSYCH,101
PSYCH,350,PSYCH,101
PSYCH,356,PSYCH,101
PSYCH,356R,PSYCH,101
PSYCH,357,PSYCH,101
PSYCH,372,PSYCH,101
PSYCH,380,PSYCH,101
REC,200,PSYCH,101
PSYCH,306,PSYCH,207
PSYCH,308,PSYCH,207
PSYCH,314,PSYCH,207
PSYCH,335,PSYCH,207
PSYCH,315,PSYCH,211
PSYCH,316,PSYCH,211
PSYCH,317,PSYCH,211
PSYCH,318,PSYCH,211
PSYCH,319,PSYCH,211
PSYCH,320,PSYCH,211
PSYCH,337,PSYCH,211
PSYCH,470,PSYCH,211
LS,372,PSYCH,230
PSYCH,330,PSYCH,230
PSYCH,352,PSYCH,253
PSYCH,353,PSYCH,253
PSYCH,354,PSYCH,253
PSYCH,354R,PSYCH,253
PSYCH,355,PSYCH,253
PSYCH,336,PSYCH,257
PSYCH,292,PSYCH,291
PSYCH,391,PSYCH,291
PSYCH,492,PSYCH,391
REC,151,REC,100
REC,201,REC,100
REC,251,REC,100
REC,252,REC,100
REC,213,REC,101
REC,357,REC,151
REC,319,REC,219
REC,419,REC,219
REC,351,REC,251
REC,420,REC,371
RUSS,102,RUSS,101
SCBUS,424,SCBUS,122
SCBUS,223,SCBUS,123
SCBUS,323,SCBUS,123
SCBUS,423,SCBUS,123
SE,490,SE,390
SE,491,SE,490
SFM,201,SFM,101
SFM,413,SFM,411
SMF,207,SMF,101
SMF,208,SMF,101
SMF,310,SMF,101
SMF,366,SMF,101
SMF,205,SMF,204
SMF,304,SMF,204
SMF,305,SMF,204
SMF,365,SMF,204
SFM,311,SMF,310
GERON,352,SOC,101
HLTH,352,SOC,101
KIN,352,SOC,101
LS,213,SOC,101
LS,222,SOC,101
LS,223,SOC,101
LS,224,SOC,101
LS,226,SOC,101
LS,227,SOC,101
LS,228,SOC,101
LS,229,SOC,101
LS,240,SOC,101
LS,263,SOC,101
LS,300,SOC,101
LS,305,SOC,101
LS,325,SOC,101
LS,326,SOC,101
LS,328,SOC,101
LS,329,SOC,101
LS,387,SOC,101
REC,362,SOC,101
RS,262,SOC,101
RS,281,SOC,101
SDS,345R,SOC,101
SOC,200,SOC,101
SOC,201,SOC,101
SOC,202,SOC,101
SOC,204R,SOC,101
SOC,205,SOC,101
SOC,207,SOC,101
SOC,207R,SOC,101
SOC,210,SOC,101
SOC,213,SOC,101
SOC,221,SOC,101
SOC,222,SOC,101
SOC,223,SOC,101
SOC,223R,SOC,101
SOC,224R,SOC,101
SOC,225,SOC,101
SOC,227,SOC,101
SOC,228,SOC,101
SOC,229,SOC,101
SOC,230,SOC,101
SOC,232,SOC,101
SOC,240,SOC,101
SOC,241,SOC,101
SOC,246,SOC,101
SOC,248,SOC,101
SOC,249,SOC,101
SOC,252,SOC,101
SOC,256,SOC,101
SOC,258,SOC,101
SOC,260,SOC,101
SOC,263,SOC,101
SOC,270,SOC,101
SOC,304,SOC,101
SOC,305,SOC,101
SOC,310,SOC,101
SOC,312,SOC,101
SOC,320,SOC,101
SOC,324,SOC,101
SOC,325,SOC,101
SOC,326,SOC,101
SOC,328,SOC,101
SOC,329,SOC,101
SOC,330,SOC,101
SOC,342,SOC,101
SOC,346,SOC,101
SOC,349,SOC,101
SOC,352,SOC,101
SOC,355J,SOC,101
SOC,362,SOC,101
SOC,369J,SOC,101
SOC,370,SOC,101
SOC,383,SOC,101
SOC,387,SOC,101
SWREN,224R,SOC,101
SOC,302,SOC,202
SOC,307,SOC,207
SPAN,102,SPAN,101
SPAN,201A,SPAN,102
GSJ,430,SPAN,150
SPAN,217,SPAN,150
SPAN,234,SPAN,150
SPAN,326,SPAN,150
SPAN,329,SPAN,150
SPAN,387,SPAN,150
SPAN,400,SPAN,150
SPAN,410,SPAN,150
SPAN,430,SPAN,150
SPCOM,226,SPCOM,101
SPCOM,401,SPCOM,101
SPCOM,471,SPCOM,101
SPCOM,402,SPCOM,226
STAT,322,STAT,221
CS,479,STAT,230
STAT,333,STAT,230
STAT,372,STAT,231
STAT,631,STAT,231
HLTH,664,STAT,316
STAT,431,STAT,330
STAT,440,STAT,330
STAT,450,STAT,330
STAT,466,STAT,330
STAT,443,STAT,331
STAT,435,STAT,332
STAT,454,STAT,332
STAT,433,STAT,333
STAT,464,STAT,333
STAT,441,STAT,341
STAT,442,STAT,341
STAT,444,STAT,341
STAT,436,STAT,431
STAT,437,STAT,431
STAT,438,STAT,431
STAT,836,STAT,431
STAT,932,STAT,431
STAT,936,STAT,431
ECON,727,STAT,850
SYDE,660B,SYDE,600
VCULT,300,VCULT,200
